title,desc
"Mobile Development","Build fast, modern apps for iOS & Android using Flutter and Dart for seamless cross-platform experiences."
"Web Development","Create responsive, robust websites and web apps with Django, MERN, FastAPI, Flask, and Flet."
"Frontend Development","Craft stunning, interactive user interfaces using React, Flutter, and PyQt for web and desktop."
"Backend Development","Develop secure, scalable server solutions with Django, Node.js, Spring Boot, FastAPI, and Flask, plus SQL, MariaDB, and MongoDB databases."
"Fullstack Development","Deliver complete end-to-end app solutions integrating frontend and backend with MERN, Django, and Flutter."
"SaaS, PaaS, IaaS Development","Build scalable cloud platforms tailored to your business needs."
"IoT Development","Design smart, connected device solutions with real-time data processing."
"Software Development","Develop custom desktop and enterprise software using Python, C, C++, Java, and Qt."
"AI Model Design & Development","Create smarter applications with AI models designed, trained, and deployed using PyTorch, TensorFlow, Keras, and Kaggle."
"AI Research","Conduct cutting-edge AI innovation and advanced machine learning research."
"Data Analytics","Transform data into actionable insights with expert analysis and visualization."
"Visual Computing","Deliver advanced 3D graphics and visualization solutions using VTK and PyQt."
"UI/UX Design","Design intuitive, engaging user experiences for web, mobile, and desktop platforms."
"Logo & Brand Design","Develop memorable logos and branding to make your business stand out."
"Solution Design","Provide tailored, robust, and scalable technology solutions."
"System Design","Build reliable and efficient end-to-end system architectures."
"Infrastructure & Ecosystem Development","Create solid IT infrastructures and optimize digital ecosystems."
"Compiler Development","Develop custom compilers and interpreters for specialized programming needs."